Epoch,Loss,Accuracy
1,3.0168519020080566,0.1982421875
2,2.0694165229797363,0.400390625
